song_title,streams_raw,daily_raw,rank,is_feature,title,role,streams,daily
One Dance,"4,475,983,833","1,794,105",1,FALSE,One Dance,Lead Artist,4475983833,1794105
God's Plan,"3,179,437,624","946,017",2,FALSE,God's Plan,Lead Artist,3179437624,946017
Passionfruit,"2,385,958,690","1,117,322",3,FALSE,Passionfruit,Lead Artist,2385958690,1117322
* Work,"1,764,857,902","1,189,814",4,TRUE,Work,Featured Artist,1764857902,1189814
Hotline Bling,"1,755,630,644","686,769",5,FALSE,Hotline Bling,Lead Artist,1755630644,686769
* MIA (feat. Drake),"1,620,829,092","339,209",6,TRUE,MIA (feat. Drake),Featured Artist,1620829092,339209
* Love Me,"1,558,488,609","2,065,581",7,TRUE,Love Me,Featured Artist,1558488609,2065581
In My Feelings,"1,549,509,356","208,520",8,FALSE,In My Feelings,Lead Artist,1549509356,208520
Nice For What,"1,531,475,442","282,247",9,FALSE,Nice For What,Lead Artist,1531475442,282247
* Life Is Good (feat. Drake),"1,517,207,817","381,376",10,TRUE,Life Is Good (feat. Drake),Featured Artist,1517207817,381376
* WAIT FOR U (feat. Drake & Tems),"1,412,265,634","585,853",11,TRUE,WAIT FOR U (feat. Drake & Tems),Featured Artist,1412265634,585853
* Going Bad (feat. Drake),"1,402,971,844","323,297",12,TRUE,Going Bad (feat. Drake),Featured Artist,1402971844,323297
"Hold On, We're Going Home","1,391,434,734","682,403",13,FALSE,"Hold On, We're Going Home",Lead Artist,1391434734,682403
Jimmy Cooks (feat. 21 Savage),"1,377,987,290","366,762",14,FALSE,Jimmy Cooks (feat. 21 Savage),Lead Artist,1377987290,366762
* No Guidance (feat. Drake),"1,359,205,243","896,785",15,TRUE,No Guidance (feat. Drake),Featured Artist,1359205243,896785
Nonstop,"1,345,529,578","289,754",16,FALSE,Nonstop,Lead Artist,1345529578,289754
* Yes Indeed,"1,337,340,906","518,469",17,TRUE,Yes Indeed,Featured Artist,1337340906,518469
Headlines,"1,269,917,213","945,699",18,FALSE,Headlines,Lead Artist,1269917213,945699
Toosie Slide,"1,237,759,641","241,484",19,FALSE,Toosie Slide,Lead Artist,1237759641,241484
Too Good,"1,205,407,866","176,719",20,FALSE,Too Good,Lead Artist,1205407866,176719
Laugh Now Cry Later (feat. Lil Durk),"1,187,158,951","322,747",21,FALSE,Laugh Now Cry Later (feat. Lil Durk),Lead Artist,1187158951,322747
Fair Trade (with Travis Scott),"1,177,971,503","375,060",22,FALSE,Fair Trade (with Travis Scott),Lead Artist,1177971503,375060
Money In The Grave (Drake ft. Rick Ross),"1,148,874,561","231,399",23,FALSE,Money In The Grave (Drake ft. Rick Ross),Lead Artist,1148874561,231399
Teenage Fever,"1,135,083,955","483,904",24,FALSE,Teenage Fever,Lead Artist,1135083955,483904
* Look Alive (feat. Drake),"1,066,715,063","96,594",25,TRUE,Look Alive (feat. Drake),Featured Artist,1066715063,96594
Fake Love,"1,057,140,526","92,141",26,FALSE,Fake Love,Lead Artist,1057140526,92141
"* F**kin' Problems (feat. Drake, 2 Chainz & Kendrick Lamar)","1,046,180,987","779,437",27,TRUE,"F**kin' Problems (feat. Drake, 2 Chainz & Kendrick Lamar)",Featured Artist,1046180987,779437
Chicago Freestyle (feat. Giveon),"1,026,021,826","250,662",28,FALSE,Chicago Freestyle (feat. Giveon),Lead Artist,1026021826,250662
Rich Flex,"1,015,353,516","194,829",29,FALSE,Rich Flex,Lead Artist,1015353516,194829
Wants and Needs (feat. Lil Baby),"1,014,202,116","226,548",30,FALSE,Wants and Needs (feat. Lil Baby),Lead Artist,1014202116,226548
Controlla,"956,189,554","183,127",31,FALSE,Controlla,Lead Artist,956189554,183127
Knife Talk (with 21 Savage ft. Project Pat),"933,176,316","175,727",32,FALSE,Knife Talk (with 21 Savage ft. Project Pat),Lead Artist,933176316,175727
* Girls Need Love (with Drake) - Remix,"918,293,847","698,396",33,TRUE,Girls Need Love (with Drake) - Remix,Featured Artist,918293847,698396
Best I Ever Had,"911,793,600","390,452",34,FALSE,Best I Ever Had,Lead Artist,911793600,390452
* Walk It Talk It,"903,674,635","228,454",35,TRUE,Walk It Talk It,Featured Artist,903674635,228454
Jumpman,"902,968,020","95,514",36,FALSE,Jumpman,Lead Artist,902968020,95514
Take Care,"852,364,796","300,322",37,FALSE,Take Care,Lead Artist,852364796,300322
* What's My Name?,"838,609,549","1,119,580",38,TRUE,What's My Name?,Featured Artist,838609549,1119580
Marvins Room,"837,357,609","411,239",39,FALSE,Marvins Room,Lead Artist,837357609,411239
* POPSTAR (feat. Drake),"810,575,225","118,054",40,TRUE,POPSTAR (feat. Drake),Featured Artist,810575225,118054
Forever,"809,478,847","322,777",41,FALSE,Forever,Lead Artist,809478847,322777
* Come and See Me (feat. Drake),"794,345,970","589,645",42,TRUE,Come and See Me (feat. Drake),Featured Artist,794345970,589645
* Poetic Justice,"758,269,497","490,188",43,TRUE,Poetic Justice,Featured Artist,758269497,490188
* She Will,"738,516,506","513,716",44,TRUE,She Will,Featured Artist,738516506,513716
* Odio (feat. Drake),"724,527,671","1,093,163",45,TRUE,Odio (feat. Drake),Featured Artist,724527671,1093163
Rich Baby Daddy (feat. Sexyy Red & SZA),"720,742,068","316,035",46,FALSE,Rich Baby Daddy (feat. Sexyy Red & SZA),Lead Artist,720742068,316035
The Motto,"713,680,029","185,527",47,FALSE,The Motto,Lead Artist,713680029,185527
Way 2 Sexy (with Future & Young Thug),"688,973,628","138,844",48,FALSE,Way 2 Sexy (with Future & Young Thug),Lead Artist,688973628,138844
Trust Issues,"683,421,323","387,423",49,FALSE,Trust Issues,Lead Artist,683421323,387423
* GREECE (feat. Drake),"669,636,198","152,806",50,TRUE,GREECE (feat. Drake),Featured Artist,669636198,152806
NOKIA,"668,898,303","436,880",51,FALSE,NOKIA,Lead Artist,668898303,436880
Do Not Disturb,"667,959,785","242,468",52,FALSE,Do Not Disturb,Lead Artist,667959785,242468
Yebba’s Heartbreak,"666,699,962","304,813",53,FALSE,Yebba’s Heartbreak,Lead Artist,666699962,304813
Portland,"655,380,309","64,824",54,FALSE,Portland,Lead Artist,655380309,64824
Girls Want Girls (with Lil Baby),"654,893,908","218,871",55,FALSE,Girls Want Girls (with Lil Baby),Lead Artist,654893908,218871
* Only,"649,763,553","189,145",56,TRUE,Only,Featured Artist,649763553,189145
Not You Too (feat. Chris Brown),"633,555,227","512,780",57,FALSE,Not You Too (feat. Chris Brown),Lead Artist,633555227,512780
IDGAF (feat. Yeat),"626,263,204","176,237",58,FALSE,IDGAF (feat. Yeat),Lead Artist,626263204,176237
From Time,"617,820,206","173,000",59,FALSE,From Time,Lead Artist,617820206,173000
Don’t Matter To Me (with Michael Jackson),"613,937,529","194,344",60,FALSE,Don’t Matter To Me (with Michael Jackson),Lead Artist,613937529,194344
* Drama (feat. Drake),"606,782,972","150,821",61,TRUE,Drama (feat. Drake),Featured Artist,606782972,150821
Feel No Ways,"600,720,406","219,827",62,FALSE,Feel No Ways,Lead Artist,600720406,219827
Started From the Bottom,"592,179,857","132,898",63,FALSE,Started From the Bottom,Lead Artist,592179857,132898
Energy,"586,679,149","103,594",64,FALSE,Energy,Lead Artist,586679149,103594
* Trophies,"577,478,302","149,879",65,TRUE,Trophies,Featured Artist,577478302,149879
0 To 100 / The Catch Up,"555,737,228","101,257",66,FALSE,0 To 100 / The Catch Up,Lead Artist,555737228,101257
Jungle,"548,439,594","210,660",67,FALSE,Jungle,Lead Artist,548439594,210660
Spin Bout U,"542,441,425","156,032",68,FALSE,Spin Bout U,Lead Artist,542441425,156032
* MELTDOWN (feat. Drake),"522,985,004","143,424",69,TRUE,MELTDOWN (feat. Drake),Featured Artist,522985004,143424
* P power (feat. Drake),"516,669,538","480,561",70,TRUE,P power (feat. Drake),Featured Artist,516669538,480561
First Person Shooter (feat. J. Cole),"512,718,334","150,394",71,FALSE,First Person Shooter (feat. J. Cole),Lead Artist,512718334,150394
"* Never Recover (Lil Baby & Gunna, Drake)","494,848,813","496,176",72,TRUE,"Never Recover (Lil Baby & Gunna, Drake)",Featured Artist,494848813,496176
Practice,"491,615,988","271,382",73,FALSE,Practice,Lead Artist,491615988,271382
Time Flies,"477,975,285","200,104",74,FALSE,Time Flies,Lead Artist,477975285,200104
Search & Rescue,"476,563,878","148,224",75,FALSE,Search & Rescue,Lead Artist,476563878,148224
Finesse,"472,005,956","134,486",76,FALSE,Finesse,Lead Artist,472005956,134486
Back To Back,"470,335,861","64,336",77,FALSE,Back To Back,Lead Artist,470335861,64336
9,"468,724,609","339,875",78,FALSE,9,Lead Artist,468724609,339875
I'm Upset,"464,471,292","49,752",79,FALSE,I'm Upset,Lead Artist,464471292,49752
* No Stylist (feat. Drake),"461,582,110","60,932",80,TRUE,No Stylist (feat. Drake),Featured Artist,461582110,60932
Know Yourself,"459,741,776","66,114",81,FALSE,Know Yourself,Lead Artist,459741776,66114
What’s Next,"451,269,160","83,791",82,FALSE,What’s Next,Lead Artist,451269160,83791
Crew Love,"449,481,713","123,308",83,FALSE,Crew Love,Lead Artist,449481713,123308
Get It Together,"446,556,244","195,854",84,FALSE,Get It Together,Lead Artist,446556244,195854
Signs,"435,566,727","84,045",85,FALSE,Signs,Lead Artist,435566727,84045
Fire & Desire,"434,029,391","156,782",86,FALSE,Fire & Desire,Lead Artist,434029391,156782
Pain 1993 (with Playboi Carti),"432,918,726","95,598",87,FALSE,Pain 1993 (with Playboi Carti),Lead Artist,432918726,95598
* R.I.C.O. (feat. Drake),"432,650,032","66,714",88,TRUE,R.I.C.O. (feat. Drake),Featured Artist,432650032,66714
* Recognize (feat. Drake),"429,809,696","410,868",89,TRUE,Recognize (feat. Drake),Featured Artist,429809696,410868
Mob Ties,"429,200,717","53,084",90,FALSE,Mob Ties,Lead Artist,429200717,53084
Gyalchester,"426,523,503","73,501",91,FALSE,Gyalchester,Lead Artist,426523503,73501
Massive,"425,591,217","254,335",92,FALSE,Massive,Lead Artist,425591217,254335
HYFR (Hell Ya Fucking Right),"422,712,830","155,318",93,FALSE,HYFR (Hell Ya Fucking Right),Lead Artist,422712830,155318
All Me,"420,348,103","57,499",94,FALSE,All Me,Lead Artist,420348103,57499
Fancy,"418,039,051","349,961",95,FALSE,Fancy,Lead Artist,418039051,349961
* Both (feat. Drake),"416,640,193","120,642",96,TRUE,Both (feat. Drake),Featured Artist,416640193,120642
Legend,"415,341,483","39,308",97,FALSE,Legend,Lead Artist,415341483,39308
* DIE TRYING,"415,174,320","394,931",98,TRUE,DIE TRYING,Featured Artist,415174320,394931
Champagne Poetry,"412,743,584","105,506",99,FALSE,Champagne Poetry,Lead Artist,412743584,105506
* I'm On One,"403,921,059","278,014",100,TRUE,I'm On One,Featured Artist,403921059,278014
* Right Above It,"403,502,071","435,481",101,TRUE,Right Above It,Featured Artist,403502071,435481
* Moment 4 Life (feat. Drake),"401,851,009","361,156",102,TRUE,Moment 4 Life (feat. Drake),Featured Artist,401851009,361156
* Truffle Butter (feat. Drake & Lil Wayne),"395,535,638","118,395",103,TRUE,Truffle Butter (feat. Drake & Lil Wayne),Featured Artist,395535638,118395
Pop Style,"394,777,471","25,889",104,FALSE,Pop Style,Lead Artist,394777471,25889
Doing It Wrong,"381,145,618","232,812",105,FALSE,Doing It Wrong,Lead Artist,381145618,232812
Over,"380,751,498","196,830",106,FALSE,Over,Lead Artist,380751498,196830
* Solid (feat. Drake),"365,795,105","255,224",107,TRUE,Solid (feat. Drake),Featured Artist,365795105,255224
Cameras / Good Ones Go Interlude - Medley,"365,371,547","213,926",108,FALSE,Cameras / Good Ones Go Interlude - Medley,Lead Artist,365371547,213926
Pussy & Millions (feat. Travis Scott),"364,077,011","73,122",109,FALSE,Pussy & Millions (feat. Travis Scott),Lead Artist,364077011,73122
* Aston Martin Music,"363,101,078","229,149",110,TRUE,Aston Martin Music,Featured Artist,363101078,229149
* Mr. Right Now (feat. Drake),"360,719,584","83,228",111,TRUE,Mr. Right Now (feat. Drake),Featured Artist,360719584,83228
Shot For Me,"359,030,393","213,390",112,FALSE,Shot For Me,Lead Artist,359030393,213390
Childs Play,"358,268,513","74,023",113,FALSE,Childs Play,Lead Artist,358268513,74023
Sticky,"347,744,447","96,212",114,FALSE,Sticky,Lead Artist,347744447,96212
* Where Ya At (feat. Drake),"346,231,623","85,741",115,TRUE,Where Ya At (feat. Drake),Featured Artist,346231623,85741
On BS,"345,079,146","84,019",116,FALSE,On BS,Lead Artist,345079146,84019
Slime You Out (feat. SZA),"343,020,555","162,100",117,FALSE,Slime You Out (feat. SZA),Lead Artist,343020555,162100
Still Here,"338,624,646","43,614",118,FALSE,Still Here,Lead Artist,338624646,43614
Pound Cake / Paris Morton Music 2,"338,183,665","73,330",119,FALSE,Pound Cake / Paris Morton Music 2,Lead Artist,338183665,73330
Virginia Beach,"337,288,751","200,513",120,FALSE,Virginia Beach,Lead Artist,337288751,200513
TSU,"335,738,024","164,022",121,FALSE,TSU,Lead Artist,335738024,164022
Janice STFU,"334,703,034","1,648,076",122,FALSE,Janice STFU,Lead Artist,334703034,1648076
Make Me Proud,"332,549,068","82,345",123,FALSE,Make Me Proud,Lead Artist,332549068,82345
Pipe Down,"326,505,550","206,956",124,FALSE,Pipe Down,Lead Artist,326505550,206956
Over My Dead Body,"317,109,635","299,345",125,FALSE,Over My Dead Body,Lead Artist,317109635,299345
* Who Do You Love?,"316,945,075","113,338",126,TRUE,Who Do You Love?,Featured Artist,316945075,113338
Hours In Silence,"316,573,694","262,111",127,FALSE,Hours In Silence,Lead Artist,316573694,262111
You Broke My Heart,"313,031,228","204,532",128,FALSE,You Broke My Heart,Lead Artist,313031228,204532
* No Complaints (feat. Offset & Drake) (Bonus),"309,056,918","146,505",129,TRUE,No Complaints (feat. Offset & Drake) (Bonus),Featured Artist,309056918,146505
* For Free (feat. Drake),"307,204,836","73,542",130,TRUE,For Free (feat. Drake),Featured Artist,307204836,73542
Jaded,"306,489,639","139,692",131,FALSE,Jaded,Lead Artist,306489639,139692
* Right Here,"304,525,170","806,937",132,TRUE,Right Here,Featured Artist,304525170,806937
10 Bands,"304,223,091","26,494",133,FALSE,10 Bands,Lead Artist,304223091,26494
No Friends In The Industry,"299,363,079","98,306",134,FALSE,No Friends In The Industry,Lead Artist,299363079,98306
* You’re Mines Still (feat. Drake),"298,301,050","65,618",135,TRUE,You’re Mines Still (feat. Drake),Featured Artist,298301050,65618
* LOYAL (feat. Drake),"296,872,046","43,439",136,TRUE,LOYAL (feat. Drake),Featured Artist,296872046,43439
Summers Over Interlude,"296,204,309","113,979",137,FALSE,Summers Over Interlude,Lead Artist,296204309,113979
* Stay Schemin,"293,368,074","505,162",138,TRUE,Stay Schemin,Featured Artist,293368074,505162
What Did I Miss?,"285,462,277","410,621",139,FALSE,What Did I Miss?,Lead Artist,285462277,410621
* Blessings,"283,374,746","46,229",140,TRUE,Blessings,Featured Artist,283374746,46229
* Tuesday (feat. Drake),"279,395,212","44,502",141,TRUE,Tuesday (feat. Drake),Featured Artist,279395212,44502
Blem,"278,563,519","34,605",142,FALSE,Blem,Lead Artist,278563519,34605
Sneakin’,"278,286,782","20,259",143,FALSE,Sneakin’,Lead Artist,278286782,20259
Circo Loco,"276,508,310","76,836",144,FALSE,Circo Loco,Lead Artist,276508310,76836
Up All Night,"272,989,726","112,254",145,FALSE,Up All Night,Lead Artist,272989726,112254
* Un-thinkable (I'm Ready) (feat. Drake) - Remix,"269,251,788","857,858",146,TRUE,Un-thinkable (I'm Ready) (feat. Drake) - Remix,Featured Artist,269251788,857858
Can’t Take A Joke,"267,123,775","49,385",147,FALSE,Can’t Take A Joke,Lead Artist,267123775,49385
Find Your Love,"264,367,601","149,919",148,FALSE,Find Your Love,Lead Artist,264367601,149919
* In The Morning,"256,910,191","227,362",149,TRUE,In The Morning,Featured Artist,256910191,227362
Fountains (with Tems),"254,715,389","85,071",150,FALSE,Fountains (with Tems),Lead Artist,254715389,85071
Push Ups,"252,717,348","105,253",151,FALSE,Push Ups,Lead Artist,252717348,105253
Emotionless,"252,330,892","66,865",152,FALSE,Emotionless,Lead Artist,252330892,66865
Redemption,"250,801,548","79,424",153,FALSE,Redemption,Lead Artist,250801548,79424
Which One (feat. Central Cee),"250,643,231","276,442",154,FALSE,Which One (feat. Central Cee),Lead Artist,250643231,276442
Too Much,"249,522,360","58,642",155,FALSE,Too Much,Lead Artist,249522360,58642
Major Distribution,"249,123,506","40,383",156,FALSE,Major Distribution,Lead Artist,249123506,40383
* Oprah’s Bank Account (Lil Yachty & DaBaby feat. Drake),"245,357,319","24,463",157,TRUE,Oprah’s Bank Account (Lil Yachty & DaBaby feat. Drake),Featured Artist,245357319,24463
* STAYING ALIVE (feat. Drake & Lil Baby),"241,983,518","42,909",158,TRUE,STAYING ALIVE (feat. Drake & Lil Baby),Featured Artist,241983518,42909
Love All (with JAY-Z),"239,208,611","93,547",159,FALSE,Love All (with JAY-Z),Lead Artist,239208611,93547
Privileged Rappers,"239,079,146","51,851",160,FALSE,Privileged Rappers,Lead Artist,239079146,51851
Look What You've Done,"236,784,110","130,153",161,FALSE,Look What You've Done,Lead Artist,236784110,130153
Preach,"236,722,119","59,772",162,FALSE,Preach,Lead Artist,236722119,59772
* SOMEBODY LOVES ME,"235,695,671","251,319",163,TRUE,SOMEBODY LOVES ME,Featured Artist,235695671,251319
Flight's Booked,"235,204,422","219,943",164,FALSE,Flight's Booked,Lead Artist,235204422,219943
Circadian Rhythm,"231,829,770","149,055",165,FALSE,Circadian Rhythm,Lead Artist,231829770,149055
Free Smoke,"231,225,629","27,924",166,FALSE,Free Smoke,Lead Artist,231225629,27924
Behind Barz - Bonus,"230,457,255","18,389",167,FALSE,Behind Barz - Bonus,Lead Artist,230457255,18389
* Over The Top (feat. Drake),"229,629,079","93,982",168,TRUE,Over The Top (feat. Drake),Featured Artist,229629079,93982
Lemon Pepper Freestyle (feat. Rick Ross),"229,497,860","45,668",169,FALSE,Lemon Pepper Freestyle (feat. Rick Ross),Lead Artist,229497860,45668
Big Rings,"228,180,477","15,835",170,FALSE,Big Rings,Lead Artist,228180477,15835
Come Thru,"227,129,930","123,718",171,FALSE,Come Thru,Lead Artist,227129930,123718
With You,"226,149,586","30,786",172,FALSE,With You,Lead Artist,226149586,30786
* Won't Be Late (feat. Drake),"222,668,270","67,192",173,TRUE,Won't Be Late (feat. Drake),Featured Artist,222668270,67192
* Churchill Downs (feat. Drake),"222,305,544","100,220",174,TRUE,Churchill Downs (feat. Drake),Featured Artist,222305544,100220
Summer Sixteen,"219,900,645","16,508",175,FALSE,Summer Sixteen,Lead Artist,219900645,16508
Furthest Thing,"219,023,940","88,591",176,FALSE,Furthest Thing,Lead Artist,219023940,88591
Shut It Down,"217,645,774","528,361",177,FALSE,Shut It Down,Lead Artist,217645774,528361
* Outta Time (feat. Drake),"216,862,733","138,435",178,TRUE,Outta Time (feat. Drake),Featured Artist,216862733,138435
4422,"214,899,927","43,606",179,FALSE,4422,Lead Artist,214899927,43606
* Who Told You (feat. Drake),"211,824,349","70,659",180,TRUE,Who Told You (feat. Drake),Featured Artist,211824349,70659
* Why You Always Hatin?,"211,348,346","20,599",181,TRUE,Why You Always Hatin?,Featured Artist,211348346,20599
Worst Behavior,"210,963,994","30,451",182,FALSE,Worst Behavior,Lead Artist,210963994,30451
6 God,"210,002,602","24,689",183,FALSE,6 God,Lead Artist,210002602,24689
In The Bible (with Lil Durk & Giveon),"205,735,413","47,226",184,FALSE,In The Bible (with Lil Durk & Giveon),Lead Artist,205735413,47226
Family Matters,"205,513,780","99,663",185,FALSE,Family Matters,Lead Artist,205513780,99663
* act ii: date @ 8 (feat. Drake) - remix,"204,703,008","94,317",186,TRUE,act ii: date @ 8 (feat. Drake) - remix,Featured Artist,204703008,94317
Right Hand,"204,578,703","13,356",187,FALSE,Right Hand,Lead Artist,204578703,13356
KMT,"204,313,191","20,706",188,FALSE,KMT,Lead Artist,204313191,20706
Hype,"203,625,209","20,344",189,FALSE,Hype,Lead Artist,203625209,20344
Get Along Better,"202,909,913","97,438",190,FALSE,Get Along Better,Lead Artist,202909913,97438
Gently (feat. Bad Bunny),"198,440,799","68,841",191,FALSE,Gently (feat. Bad Bunny),Lead Artist,198440799,68841
N 2 Deep,"196,885,519","116,266",192,FALSE,N 2 Deep,Lead Artist,196885519,116266
Madiba Riddim,"193,446,031","33,505",193,FALSE,Madiba Riddim,Lead Artist,193446031,33505
No Face,"193,156,509","162,122",194,FALSE,No Face,Lead Artist,193156509,162122
Race My Mind,"192,939,200","156,144",195,FALSE,Race My Mind,Lead Artist,192939200,156144
Broke Boys,"192,920,527","63,541",196,FALSE,Broke Boys,Lead Artist,192920527,63541
* FLIP THE SWITCH (feat. Drake),"192,545,489","15,036",197,TRUE,FLIP THE SWITCH (feat. Drake),Featured Artist,192545489,15036
* Used to This (feat. Drake),"192,272,641","49,639",198,TRUE,Used to This (feat. Drake),Featured Artist,192272641,49639
* Only You Freestyle,"188,646,418","20,949",199,TRUE,Only You Freestyle,Featured Artist,188646418,20949
* Come Closer (feat. Drake),"188,084,225","102,564",200,TRUE,Come Closer (feat. Drake),Featured Artist,188084225,102564
Grammys,"186,379,517","19,234",201,FALSE,Grammys,Lead Artist,186379517,19234
Diamonds Dancing,"185,085,165","29,914",202,FALSE,Diamonds Dancing,Lead Artist,185085165,29914
* I'M ON ONE (feat. Drake),"184,924,097","63,007",203,TRUE,I'M ON ONE (feat. Drake),Featured Artist,184924097,63007
Elevate,"184,000,843","20,771",204,FALSE,Elevate,Lead Artist,184000843,20771
National Treasures,"182,171,910","732,524",205,FALSE,National Treasures,Lead Artist,182171910,732524
Papi’s Home,"181,469,928","45,963",206,FALSE,Papi’s Home,Lead Artist,181469928,45963
* LOYAL (feat. Drake and Bad Bunny) - Remix,"180,799,971","34,142",207,TRUE,LOYAL (feat. Drake and Bad Bunny) - Remix,Featured Artist,180799971,34142
That’s How You Feel,"179,762,706","48,411",208,FALSE,That’s How You Feel,Lead Artist,179762706,48411
Jorja Interlude,"179,519,388","27,473",209,FALSE,Jorja Interlude,Lead Artist,179519388,27473
Digital Dash,"178,556,702","48,937",210,FALSE,Digital Dash,Lead Artist,178556702,48937
Jumbotron Shit Poppin,"178,189,749","44,912",211,FALSE,Jumbotron Shit Poppin,Lead Artist,178189749,44912
Little Bit (feat. Lykke Li),"177,874,865","115,325",212,FALSE,Little Bit (feat. Lykke Li),Lead Artist,177874865,115325
Blue Tint,"174,544,774","27,707",213,FALSE,Blue Tint,Lead Artist,174544774,27707
The Language,"173,776,283","19,453",214,FALSE,The Language,Lead Artist,173776283,19453
U With Me?,"172,283,504","57,015",215,FALSE,U With Me?,Lead Artist,172283504,57015
* No Frauds,"172,092,418","10,923",216,TRUE,No Frauds,Featured Artist,172092418,10923
The Motion,"170,603,536","84,339",217,FALSE,The Motion,Lead Artist,170603536,84339
* Believe Me,"170,133,643","90,235",218,TRUE,Believe Me,Featured Artist,170133643,90235
Sandra’s Rose,"169,623,820","45,313",219,FALSE,Sandra’s Rose,Lead Artist,169623820,45313
* The Zone,"169,435,980","134,652",220,TRUE,The Zone,Featured Artist,169435980,134652
* Pop That,"169,082,122","72,427",221,TRUE,Pop That,Featured Artist,169082122,72427
No Tellin',"168,861,450","16,968",222,FALSE,No Tellin',Lead Artist,168861450,16968
Sacrifices,"168,577,282","19,031",223,FALSE,Sacrifices,Lead Artist,168577282,19031
Wu-Tang Forever,"164,181,902","34,944",224,FALSE,Wu-Tang Forever,Lead Artist,164181902,34944
* Bigger Than You (feat. Drake & Quavo),"163,878,117","8,051",225,TRUE,Bigger Than You (feat. Drake & Quavo),Featured Artist,163878117,8051
The Resistance,"163,101,448","185,706",226,FALSE,The Resistance,Lead Artist,163101448,185706
8am in Charlotte,"162,618,664","65,854",227,FALSE,8am in Charlotte,Lead Artist,162618664,65854
Weston Road Flows,"162,577,294","57,183",228,FALSE,Weston Road Flows,Lead Artist,162577294,57183
* Gold Roses (feat. Drake),"162,136,858","26,269",229,TRUE,Gold Roses (feat. Drake),Featured Artist,162136858,26269
Scholarships,"160,349,581","26,979",230,FALSE,Scholarships,Lead Artist,160349581,26979
Shabang,"160,318,106","599,183",231,FALSE,Shabang,Lead Artist,160318106,599183
IMY2 (with Kid Cudi),"159,482,149","43,551",232,FALSE,IMY2 (with Kid Cudi),Lead Artist,159482149,43551
* 100,"159,137,158","22,194",233,TRUE,100,Featured Artist,159137158,22194
I'm Goin In,"157,385,740","49,183",234,FALSE,I'm Goin In,Lead Artist,157385740,49183
Star67,"155,412,130","43,782",235,FALSE,Star67,Lead Artist,155412130,43782
BackOutsideBoyz,"155,236,630","28,245",236,FALSE,BackOutsideBoyz,Lead Artist,155236630,28245
Tried Our Best,"154,847,799","124,632",237,FALSE,Tried Our Best,Lead Artist,154847799,124632
Summer Games,"154,078,812","61,972",238,FALSE,Summer Games,Lead Artist,154078812,61972
Desires (with Future),"154,063,133","53,986",239,FALSE,Desires (with Future),Lead Artist,154063133,53986
Can I,"153,392,239","68,585",240,FALSE,Can I,Lead Artist,153392239,68585
* Lemon (feat. Drake) - Drake Remix,"153,009,965","17,658",241,TRUE,Lemon (feat. Drake) - Drake Remix,Featured Artist,153009965,17658
It's Up (feat. Young Thug & 21 Savage),"152,591,553","107,357",242,FALSE,It's Up (feat. Young Thug & 21 Savage),Lead Artist,152591553,107357
A Keeper,"152,329,176","93,617",243,FALSE,A Keeper,Lead Artist,152329176,93617
8 Out Of 10,"152,019,293","30,367",244,FALSE,8 Out Of 10,Lead Artist,152019293,30367
Company,"151,298,010","31,305",245,FALSE,Company,Lead Artist,151298010,31305
* No Lie,"149,206,148","41,305",246,TRUE,No Lie,Featured Artist,149206148,41305
Own It,"149,071,478","31,765",247,FALSE,Own It,Lead Artist,149071478,31765
Now & Forever,"147,475,013","62,871",248,FALSE,Now & Forever,Lead Artist,147475013,62871
Under Ground Kings,"145,546,735","57,246",249,FALSE,Under Ground Kings,Lead Artist,145546735,57246
Nothings Into Somethings,"145,257,676","45,708",250,FALSE,Nothings Into Somethings,Lead Artist,145257676,45708
Whisper My Name,"145,172,056","449,041",251,FALSE,Whisper My Name,Lead Artist,145172056,449041
* Stars Align (with Drake),"144,913,528","103,806",252,TRUE,Stars Align (with Drake),Featured Artist,144913528,103806
No Long Talk,"144,662,877","9,686",253,FALSE,No Long Talk,Lead Artist,144662877,9686
6 Man,"141,707,339","22,667",254,FALSE,6 Man,Lead Artist,141707339,22667
Survival,"140,746,733","18,882",255,FALSE,Survival,Lead Artist,140746733,18882
Tuscan Leather,"137,818,548","40,913",256,FALSE,Tuscan Leather,Lead Artist,137818548,40913
Ice Melts,"136,750,526","19,796",257,FALSE,Ice Melts,Lead Artist,136750526,19796
How Bout Now,"135,881,271","41,878",258,FALSE,How Bout Now,Lead Artist,135881271,41878
* Seeing Green (with Drake & Lil Wayne),"135,446,264","34,324",259,TRUE,Seeing Green (with Drake & Lil Wayne),Featured Artist,135446264,34324
Ran To Atlanta (feat. Future & Molly Santana),"134,506,214","390,703",260,FALSE,Ran To Atlanta (feat. Future & Molly Santana),Lead Artist,134506214,390703
Lose You,"133,778,064","52,259",261,FALSE,Lose You,Lead Artist,133778064,52259
Keep The Family Close,"133,676,409","36,689",262,FALSE,Keep The Family Close,Lead Artist,133676409,36689
Lord Knows,"132,799,147","51,705",263,FALSE,Lord Knows,Lead Artist,132799147,51705
* Wanna Know Remix (feat. Drake),"132,517,017","20,666",264,TRUE,Wanna Know Remix (feat. Drake),Featured Artist,132517017,20666
Members Only (feat. PARTYNEXTDOOR),"132,464,041","90,849",265,FALSE,Members Only (feat. PARTYNEXTDOOR),Lead Artist,132464041,90849
Live From The Gutter,"132,073,696","21,867",266,FALSE,Live From The Gutter,Lead Artist,132073696,21867
* Versace (Remix),"131,643,156","17,605",267,TRUE,Versace (Remix),Featured Artist,131643156,17605
* SOMETHING ABOUT YOU,"131,147,091","131,955",268,TRUE,SOMETHING ABOUT YOU,Featured Artist,131147091,131955
* Having Our Way (feat. Drake),"129,228,509","92,673",269,TRUE,Having Our Way (feat. Drake),Featured Artist,129228509,92673
More M’s,"128,738,766","23,203",270,FALSE,More M’s,Lead Artist,128738766,23203
After Dark (feat. Static Major & Ty Dolla $ign),"127,229,190","15,674",271,FALSE,After Dark (feat. Static Major & Ty Dolla $ign),Lead Artist,127229190,15674
On The Radar Freestyle,"126,999,908","37,943",272,FALSE,On The Radar Freestyle,Lead Artist,126999908,37943
* TWIST & TURN (feat. Drake & PARTYNEXTDOOR),"126,907,168","39,779",273,TRUE,TWIST & TURN (feat. Drake & PARTYNEXTDOOR),Featured Artist,126907168,39779
Used To,"125,866,397","13,698",274,FALSE,Used To,Lead Artist,125866397,13698
Miss Me,"125,849,384","58,742",275,FALSE,Miss Me,Lead Artist,125849384,58742
Views,"125,707,188","38,575",276,FALSE,Views,Lead Artist,125707188,38575
You Only Live Twice (with Lil Wayne & Rick Ross),"123,434,603","44,921",277,FALSE,You Only Live Twice (with Lil Wayne & Rick Ross),Lead Artist,123434603,44921
Peak,"123,421,900","27,741",278,FALSE,Peak,Lead Artist,123421900,27741
Talk Up (feat. Jay-Z),"122,837,816","11,108",279,FALSE,Talk Up (feat. Jay-Z),Lead Artist,122837816,11108
Can't Have Everything,"121,236,172","23,028",280,FALSE,Can't Have Everything,Lead Artist,121236172,23028
The Real Her,"120,882,626","43,002",281,FALSE,The Real Her,Lead Artist,120882626,43002
Since Way Back,"119,313,747","40,119",282,FALSE,Since Way Back,Lead Artist,119313747,40119
* No Shopping (feat. Drake),"119,137,237","8,822",283,TRUE,No Shopping (feat. Drake),Featured Artist,119137237,8822
"* Life Is Good (feat. Drake, DaBaby & Lil Baby) - Remix","119,107,653","27,036",284,TRUE,"Life Is Good (feat. Drake, DaBaby & Lil Baby) - Remix",Featured Artist,119107653,27036
Fireworks,"118,974,774","191,015",285,FALSE,Fireworks,Lead Artist,118974774,191015
Texts Go Green,"118,479,345","56,762",286,FALSE,Texts Go Green,Lead Artist,118479345,56762
* CN TOWER,"118,471,584","104,133",287,TRUE,CN TOWER,Featured Artist,118471584,104133
Bahamas Promises,"118,050,588","52,161",288,FALSE,Bahamas Promises,Lead Artist,118050588,52161
War,"116,766,329","19,674",289,FALSE,War,Lead Artist,116766329,19674
GIMME A HUG,"116,595,058","71,219",290,FALSE,GIMME A HUG,Lead Artist,116595058,71219
Falling Back,"116,369,276","36,717",291,FALSE,Falling Back,Lead Artist,116369276,36717
* Talk To Me,"115,390,558","39,189",292,TRUE,Talk To Me,Featured Artist,115390558,39189
Houstatlantavegas,"115,195,342","120,795",293,FALSE,Houstatlantavegas,Lead Artist,115195342,120795
Wednesday Night Interlude,"115,025,916","29,694",294,FALSE,Wednesday Night Interlude,Lead Artist,115025916,29694
Daylight,"114,663,213","28,762",295,FALSE,Daylight,Lead Artist,114663213,28762
Middle of the Ocean,"113,698,133","44,033",296,FALSE,Middle of the Ocean,Lead Artist,113698133,44033
Treacherous Twins,"113,679,590","28,381",297,FALSE,Treacherous Twins,Lead Artist,113679590,28381
Faithful,"113,501,874","16,029",298,FALSE,Faithful,Lead Artist,113501874,16029
* Live For,"113,263,737","25,600",299,TRUE,Live For,Featured Artist,113263737,25600
Drew A Picasso,"113,197,385","70,460",300,FALSE,Drew A Picasso,Lead Artist,113197385,70460
F*****g Fans,"111,626,460","69,315",301,FALSE,F*****g Fans,Lead Artist,111626460,69315
* Sideways,"111,168,244","90,870",302,TRUE,Sideways,Featured Artist,111168244,90870
Plastic Bag,"110,958,802","18,455",303,FALSE,Plastic Bag,Lead Artist,110958802,18455
Calling For You (feat. 21 Savage),"109,461,190","28,793",304,FALSE,Calling For You (feat. 21 Savage),Lead Artist,109461190,28793
7am On Bridle Path,"108,948,168","32,015",305,FALSE,7am On Bridle Path,Lead Artist,108948168,32015
Madonna,"108,083,806","16,404",306,FALSE,Madonna,Lead Artist,108083806,16404
You & The 6,"107,263,541","28,914",307,FALSE,You & The 6,Lead Artist,107263541,28914
Change Locations,"106,784,945","19,329",308,FALSE,Change Locations,Lead Artist,106784945,19329
* Needle (feat. Drake),"106,373,563","91,624",309,TRUE,Needle (feat. Drake),Featured Artist,106373563,91624
I'm The Plug,"105,559,600","15,856",310,FALSE,I'm The Plug,Lead Artist,105559600,15856
Connect,"104,513,573","21,941",311,FALSE,Connect,Lead Artist,104513573,21941
* Diced Pineapples,"104,308,403","65,322",312,TRUE,Diced Pineapples,Featured Artist,104308403,65322
* Mine (feat. Drake),"104,277,017","40,543",313,TRUE,Mine (feat. Drake),Featured Artist,104277017,40543
We'll Be Fine,"104,081,378","28,759",314,FALSE,We'll Be Fine,Lead Artist,104081378,28759
Unforgettable,"102,958,998","85,177",315,FALSE,Unforgettable,Lead Artist,102958998,85177
What Would Pluto Do,"101,949,001","37,279",316,FALSE,What Would Pluto Do,Lead Artist,101949001,37279
Another Late Night (feat. Lil Yachty),"101,579,555","31,950",317,FALSE,Another Late Night (feat. Lil Yachty),Lead Artist,101579555,31950
Plot Twist,"101,095,109","323,266",318,FALSE,Plot Twist,Lead Artist,101095109,323266
* U My Everything (feat. Drake),"100,982,147","30,153",319,TRUE,U My Everything (feat. Drake),Featured Artist,100982147,30153
Skepta Interlude,"100,929,019","11,073",320,FALSE,Skepta Interlude,Lead Artist,100929019,11073
Club Paradise,"100,629,905","125,025",321,FALSE,Club Paradise,Lead Artist,100629905,125025
2 Hard 4 The Radio,"100,448,728","255,522",322,FALSE,2 Hard 4 The Radio,Lead Artist,100448728,255522
* No New Friends - SFTB Remix,"99,657,574","32,424",323,TRUE,No New Friends - SFTB Remix,Featured Artist,99657574,32424
Fear Of Heights,"99,309,276","27,534",324,FALSE,Fear Of Heights,Lead Artist,99309276,27534
* D4L,"98,750,729","16,499",325,TRUE,D4L,Featured Artist,98750729,16499
Demons (feat. Fivio Foreign & Sosa Geek),"98,442,427","10,393",326,FALSE,Demons (feat. Fivio Foreign & Sosa Geek),Lead Artist,98442427,10393
* NO SECRET (feat. Drake),"98,420,397","12,608",327,TRUE,NO SECRET (feat. Drake),Featured Artist,98420397,12608
The Ride,"98,057,496","70,757",328,FALSE,The Ride,Lead Artist,98057496,70757
I Guess It’s Fuck Me,"98,040,191","41,335",329,FALSE,I Guess It’s Fuck Me,Lead Artist,98040191,41335
Diplomatic Immunity,"95,458,502","8,596",330,FALSE,Diplomatic Immunity,Lead Artist,95458502,8596
Uptown (feat. Bun B & Lil Wayne),"94,281,660","26,367",331,FALSE,Uptown (feat. Bun B & Lil Wayne),Lead Artist,94281660,26367
6PM In New York,"94,146,284","30,418",332,FALSE,6PM In New York,Lead Artist,94146284,30418
From Florida With Love,"94,005,738","21,157",333,FALSE,From Florida With Love,Lead Artist,94005738,21157
Currents,"93,273,204","31,820",334,FALSE,Currents,Lead Artist,93273204,31820
* Say Something (Featuring Drake),"92,859,334","55,983",335,TRUE,Say Something (Featuring Drake),Featured Artist,92859334,55983
Bria's Interlude (feat. Omarion),"92,166,095","56,972",336,FALSE,Bria's Interlude (feat. Omarion),Lead Artist,92166095,56972
Is There More,"90,531,945","10,872",337,FALSE,Is There More,Lead Artist,90531945,10872
Glow,"89,688,769","9,109",338,FALSE,Glow,Lead Artist,89688769,9109
* DnF (feat. Drake & Future),"89,584,975","9,998",339,TRUE,DnF (feat. Drake & Future),Featured Artist,89584975,9998
7969 Santa,"88,845,813","32,809",340,FALSE,7969 Santa,Lead Artist,88845813,32809
B's On The Table (feat. 21 Savage),"88,161,327","307,347",341,FALSE,B's On The Table (feat. 21 Savage),Lead Artist,88161327,307347
All The Parties (feat. Chief Keef),"87,969,757","39,536",342,FALSE,All The Parties (feat. Chief Keef),Lead Artist,87969757,39536
Buried Alive Interlude,"87,267,139","21,015",343,FALSE,Buried Alive Interlude,Lead Artist,87267139,21015
Final Fantasy,"87,095,832","11,573",344,FALSE,Final Fantasy,Lead Artist,87095832,11573
Calling My Name,"85,776,713","20,487",345,FALSE,Calling My Name,Lead Artist,85776713,20487
Amen (feat. Teezo Touchdown),"85,324,314","20,518",346,FALSE,Amen (feat. Teezo Touchdown),Lead Artist,85324314,20518
* PIMMIE'S DILEMMA,"85,005,732","57,449",347,TRUE,PIMMIE'S DILEMMA,Featured Artist,85005732,57449
Polar Opposites,"83,428,084","55,667",348,FALSE,Polar Opposites,Lead Artist,83428084,55667
* Back on Road,"83,291,747","9,396",349,TRUE,Back on Road,Featured Artist,83291747,9396
Dust,"81,334,991","174,577",350,FALSE,Dust,Lead Artist,81334991,174577
* Big Amount,"80,739,763","7,161",351,TRUE,Big Amount,Featured Artist,80739763,7161
Ratchet Happy Birthday,"79,713,399","6,922",352,FALSE,Ratchet Happy Birthday,Lead Artist,79713399,6922
* We Caa Done (feat. Drake),"79,033,320","26,404",353,TRUE,We Caa Done (feat. Drake),Featured Artist,79033320,26404
* I Invented Sex (feat. Drake),"78,786,710","113,384",354,TRUE,I Invented Sex (feat. Drake),Featured Artist,78786710,113384
305 To My City,"78,107,101","8,268",355,FALSE,305 To My City,Lead Artist,78107101,8268
* GREEDY,"77,715,818","95,506",356,TRUE,GREEDY,Featured Artist,77715818,95506
Landed,"77,347,278","17,203",357,FALSE,Landed,Lead Artist,77347278,17203
November 18th,"76,641,591","23,588",358,FALSE,November 18th,Lead Artist,76641591,23588
Away From Home,"76,547,660","49,938",359,FALSE,Away From Home,Lead Artist,76547660,49938
Make Them Cry,"75,412,819","145,171",360,FALSE,Make Them Cry,Lead Artist,75412819,145171
* SPIDER-MAN SUPERMAN,"75,155,701","67,010",361,TRUE,SPIDER-MAN SUPERMAN,Featured Artist,75155701,67010
Omertà,"75,058,187","11,217",362,FALSE,Omertà,Lead Artist,75058187,11217
30 for 30 Freestyle,"74,982,995","14,448",363,FALSE,30 for 30 Freestyle,Lead Artist,74982995,14448
Show Me A Good Time,"74,089,043","38,865",364,FALSE,Show Me A Good Time,Lead Artist,74089043,38865
Cece's Interlude,"73,279,098","91,466",365,FALSE,Cece's Interlude,Lead Artist,73279098,91466
Successful (feat. Trey Songz & Lil Wayne),"72,393,778","28,357",366,FALSE,Successful (feat. Trey Songz & Lil Wayne),Lead Artist,72393778,28357
When To Say When,"71,653,679","17,092",367,FALSE,When To Say When,Lead Artist,71653679,17092
Girls Love Beyoncé (feat. James Fauntleroy),"70,948,566","21,464",368,FALSE,Girls Love Beyoncé (feat. James Fauntleroy),Lead Artist,70948566,21464
Overdrive,"70,336,692","29,473",369,FALSE,Overdrive,Lead Artist,70336692,29473
Uuugly,"69,775,044","87,025",370,FALSE,Uuugly,Lead Artist,69775044,87025
* Blessings - Extended Version,"69,513,643","6,873",371,TRUE,Blessings - Extended Version,Featured Artist,69513643,6873
Lust For Life,"68,909,157","93,479",372,FALSE,Lust For Life,Lead Artist,68909157,93479
* Mr. Wrong,"68,748,998","31,399",373,TRUE,Mr. Wrong,Featured Artist,68748998,31399
* Over Here (feat. Drake),"68,467,359","54,196",374,TRUE,Over Here (feat. Drake),Featured Artist,68467359,54196
* MOTH BALLS,"68,444,260","41,487",375,TRUE,MOTH BALLS,Featured Artist,68444260,41487
March 14,"68,425,823","9,086",376,FALSE,March 14,Lead Artist,68425823,9086
Burning Bridges,"67,638,180","175,764",377,FALSE,Burning Bridges,Lead Artist,67638180,175764
Make Them Pay,"67,035,248","140,719",378,FALSE,Make Them Pay,Lead Artist,67035248,140719
* Fall For Your Type (feat. Drake),"66,519,397","21,143",379,TRUE,Fall For Your Type (feat. Drake),Featured Artist,66519397,21143
* B.B. King Freestyle (with Drake),"65,904,475","23,741",380,TRUE,B.B. King Freestyle (with Drake),Featured Artist,65904475,23741
Evil Ways (feat. J. Cole),"65,657,878","34,037",381,FALSE,Evil Ways (feat. J. Cole),Lead Artist,65657878,34037
Paris Morton Music,"64,689,929","52,568",382,FALSE,Paris Morton Music,Lead Artist,64689929,52568
The Remorse,"64,531,585","23,340",383,FALSE,The Remorse,Lead Artist,64531585,23340
I Get Lonely,"64,401,703","140,614",384,FALSE,I Get Lonely,Lead Artist,64401703,140614
Liability,"63,839,354","27,663",385,FALSE,Liability,Lead Artist,63839354,27663
5 Am in Toronto,"63,085,195","25,629",386,FALSE,5 Am in Toronto,Lead Artist,63085195,25629
Stories About My Brother,"63,014,147","40,577",387,FALSE,Stories About My Brother,Lead Artist,63014147,40577
* Work - R3hab Remix,"60,868,480","5,285",388,TRUE,Work - R3hab Remix,Featured Artist,60868480,5285
* Ela É do Tipo (feat. Drake) [Remix],"60,678,682","5,846",389,TRUE,Ela É do Tipo (feat. Drake) [Remix],Featured Artist,60678682,5846
* Money To Blow - Street Version,"60,328,091","28,649",390,TRUE,Money To Blow - Street Version,Featured Artist,60328091,28649
RAINING IN HOUSTON,"60,278,237","52,706",391,FALSE,RAINING IN HOUSTON,Lead Artist,60278237,52706
* Healing,"59,493,934","99,677",392,TRUE,Healing,Featured Artist,59493934,99677
* My Love (feat. Drake),"59,100,845","14,929",393,TRUE,My Love (feat. Drake),Featured Artist,59100845,14929
* Schemin Up (feat. Drake and Preme),"58,822,801","9,725",394,TRUE,Schemin Up (feat. Drake and Preme),Featured Artist,58822801,9725
"Two Birds, One Stone","58,359,269","16,786",395,FALSE,"Two Birds, One Stone",Lead Artist,58359269,16786
Make Them Know,"57,199,907","157,588",396,FALSE,Make Them Know,Lead Artist,57199907,157588
SMALL TOWN FAME,"57,192,753","37,491",397,FALSE,SMALL TOWN FAME,Lead Artist,57192753,37491
DOG HOUSE (feat. Julia Wolf & Yeat),"56,465,355","81,031",398,FALSE,DOG HOUSE (feat. Julia Wolf & Yeat),Lead Artist,56465355,81031
Deep Pockets,"56,339,743","12,636",399,FALSE,Deep Pockets,Lead Artist,56339743,12636
Don’t Worry,"56,206,115","154,326",400,FALSE,Don’t Worry,Lead Artist,56206115,154326
* Betrayal (feat. Drake),"55,088,437","11,068",401,TRUE,Betrayal (feat. Drake),Featured Artist,55088437,11068
Tie That Binds,"54,775,286","17,054",402,FALSE,Tie That Binds,Lead Artist,54775286,17054
* HOT UPTOWN (feat. Drake),"53,844,925","30,724",403,TRUE,HOT UPTOWN (feat. Drake),Featured Artist,53844925,30724
* Round of Applause (feat. Drake),"53,377,022","28,434",404,TRUE,Round of Applause (feat. Drake),Featured Artist,53377022,28434
Losses,"53,296,977","15,812",405,FALSE,Losses,Lead Artist,53296977,15812
WNBA,"52,721,958","275,557",406,FALSE,WNBA,Lead Artist,52721958,275557
* MR RECOUP,"52,374,462","45,183",407,TRUE,MR RECOUP,Featured Artist,52374462,45183
* Killer,"51,349,872","5,768",408,TRUE,Killer,Featured Artist,51349872,5768
Dreams Money Can Buy,"50,474,418","17,218",409,FALSE,Dreams Money Can Buy,Lead Artist,50474418,17218
Hoe Phase,"50,231,973","187,313",410,FALSE,Hoe Phase,Lead Artist,50231973,187313
4pm in Calabasas,"50,143,816","14,745",411,FALSE,4pm in Calabasas,Lead Artist,50143816,14745
* WHEN HE'S GONE,"48,220,206","37,984",412,TRUE,WHEN HE'S GONE,Featured Artist,48220206,37984
The Shoe Fits,"47,775,218","34,120",413,FALSE,The Shoe Fits,Lead Artist,47775218,34120
CRYING IN CHANEL,"47,316,580","22,828",414,FALSE,CRYING IN CHANEL,Lead Artist,47316580,22828
Days in The East,"47,183,412","29,724",415,FALSE,Days in The East,Lead Artist,47183412,29724
* No Guns Allowed (feat. Drake & Cori B.),"47,171,476","2,432",416,TRUE,No Guns Allowed (feat. Drake & Cori B.),Featured Artist,47171476,2432
Red Button,"47,016,105","29,437",417,FALSE,Red Button,Lead Artist,47016105,29437
* To the Max (feat. Drake),"46,105,972","1,686",418,TRUE,To the Max (feat. Drake),Featured Artist,46105972,1686
Road Trips,"46,104,973","180,978",419,FALSE,Road Trips,Lead Artist,46104973,180978
Fortworth (feat. PARTYNEXTDOOR),"45,913,740","177,843",420,FALSE,Fortworth (feat. PARTYNEXTDOOR),Lead Artist,45913740,177843
Ignant Shit (feat. Lil Wayne),"45,730,373","11,851",421,FALSE,Ignant Shit (feat. Lil Wayne),Lead Artist,45730373,11851
Little Birdie,"45,661,136","93,570",422,FALSE,Little Birdie,Lead Artist,45661136,93570
BBL Love - Interlude,"45,211,509","14,035",423,FALSE,BBL Love - Interlude,Lead Artist,45211509,14035
* Amen (feat. Drake),"44,860,539","11,131",424,TRUE,Amen (feat. Drake),Featured Artist,44860539,11131
* I'm Single,"44,626,740","25,780",425,TRUE,I'm Single,Featured Artist,44626740,25780
Thank Me Now,"44,233,694","11,412",426,FALSE,Thank Me Now,Lead Artist,44233694,11412
Intro,"43,999,211","12,975",427,FALSE,Intro,Lead Artist,43999211,12975
Make Them Remember,"43,898,660","80,552",428,FALSE,Make Them Remember,Lead Artist,43898660,80552
Karaoke,"43,339,689","20,314",429,FALSE,Karaoke,Lead Artist,43339689,20314
Light Up,"43,288,047","14,506",430,FALSE,Light Up,Lead Artist,43288047,14506
* 100it Racks,"43,016,417","6,791",431,TRUE,100it Racks,Featured Artist,43016417,6791
I'm Spent (feat. Loe Shimmy),"42,898,774","262,357",432,FALSE,I'm Spent (feat. Loe Shimmy),Lead Artist,42898774,262357
* MEET YOUR PADRE,"42,740,521","18,340",433,TRUE,MEET YOUR PADRE,Featured Artist,42740521,18340
Down Hill,"42,518,485","12,084",434,FALSE,Down Hill,Lead Artist,42518485,12084
* OMW,"41,425,349","35,051",435,TRUE,OMW,Featured Artist,41425349,35051
BRIAN STEEL,"41,357,913","23,155",436,FALSE,BRIAN STEEL,Lead Artist,41357913,23155
Let’s Call It Off (feat. Peter Bjorn and John),"40,812,590","26,925",437,FALSE,Let’s Call It Off (feat. Peter Bjorn and John),Lead Artist,40812590,26925
* CELIBACY,"40,247,904","34,683",438,TRUE,CELIBACY,Featured Artist,40247904,34683
Brand New,"39,376,313","18,946",439,FALSE,Brand New,Lead Artist,39376313,18946
* Poppin Bottles,"39,359,101","15,669",440,TRUE,Poppin Bottles,Featured Artist,39359101,15669
* SOMEBODY LOVES ME PT. 2,"39,231,801","66,489",441,TRUE,SOMEBODY LOVES ME PT. 2,Featured Artist,39231801,66489
* LASERS,"38,754,899","22,111",442,TRUE,LASERS,Featured Artist,38754899,22111
Slap The City (feat. Qendresa),"37,830,699","147,237",443,FALSE,Slap The City (feat. Qendresa),Lead Artist,37830699,147237
Classic,"37,752,508","148,934",444,FALSE,Classic,Lead Artist,37752508,148934
* Ahí,"37,634,669","733,789",445,TRUE,Ahí,Featured Artist,37634669,733789
Firm Friends,"36,825,433","77,416",446,FALSE,Firm Friends,Lead Artist,36825433,77416
* Best I Ever Had Remix,"35,975,337","24,306",447,TRUE,Best I Ever Had Remix,Featured Artist,35975337,24306
* Bring It Back (with Mike WiLL Made-It feat. Drake),"34,670,542","1,145",448,TRUE,Bring It Back (with Mike WiLL Made-It feat. Drake),Featured Artist,34670542,1145
Housekeeping Knows (feat. Latto),"34,225,261","25,355",449,FALSE,Housekeeping Knows (feat. Latto),Lead Artist,34225261,25355
Fear,"33,451,525","23,382",450,FALSE,Fear,Lead Artist,33451525,23382
* ALL I NEED (feat. Drake),"33,213,777","14,726",451,TRUE,ALL I NEED (feat. Drake),Featured Artist,33213777,14726
Draft Day,"33,172,557","12,074",452,FALSE,Draft Day,Lead Artist,33172557,12074
Jodeci Freestyle (feat. J. Cole),"32,666,701","15,614",453,FALSE,Jodeci Freestyle (feat. J. Cole),Lead Artist,32666701,15614
Free Spirit (feat. Rick Ross),"32,615,184","16,945",454,FALSE,Free Spirit (feat. Rick Ross),Lead Artist,32615184,16945
* Modo Capone (with Drake & Fuerza Regida),"32,492,903","12,271",455,TRUE,Modo Capone (with Drake & Fuerza Regida),Featured Artist,32492903,12271
High Fives,"32,461,228","100,413",456,FALSE,High Fives,Lead Artist,32461228,100413
A Night Off (feat. Lloyd),"32,303,879","30,599",457,FALSE,A Night Off (feat. Lloyd),Lead Artist,32303879,30599
Sooner Than Later,"31,066,833","18,099",458,FALSE,Sooner Than Later,Lead Artist,31066833,18099
Cheetah Print (feat. Sexyy Red),"30,852,639","132,663",459,FALSE,Cheetah Print (feat. Sexyy Red),Lead Artist,30852639,132663
Screw The World - Interlude,"29,773,363","6,479",460,FALSE,Screw The World - Interlude,Lead Artist,29773363,6479
* It's Good,"29,677,972","5,938",461,TRUE,It's Good,Featured Artist,29677972,5938
* Gonorrhea,"28,586,378","14,672",462,TRUE,Gonorrhea,Featured Artist,28586378,14672
New Bestie,"28,475,033","100,864",463,FALSE,New Bestie,Lead Artist,28475033,100864
Wick Man,"27,352,956","22,434",464,FALSE,Wick Man,Lead Artist,27352956,22434
The Calm,"26,789,070","8,876",465,FALSE,The Calm,Lead Artist,26789070,8876
Charged Up,"26,538,166","4,294",466,FALSE,Charged Up,Lead Artist,26538166,4294
White Bone,"26,414,614","101,216",467,FALSE,White Bone,Lead Artist,26414614,101216
* With You,"26,321,151","26,298",468,TRUE,With You,Featured Artist,26321151,26298
Say What's Real,"26,022,422","12,979",469,FALSE,Say What's Real,Lead Artist,26022422,12979
* As We Speak (feat. Drake),"25,925,128","16,112",470,TRUE,As We Speak (feat. Drake),Featured Artist,25925128,16112
* Tony Montana (feat. Drake),"25,863,134","10,844",471,TRUE,Tony Montana (feat. Drake),Featured Artist,25863134,10844
* 2 Mazza (feat. Drake),"25,573,030","39,933",472,TRUE,2 Mazza (feat. Drake),Featured Artist,25573030,39933
* GLORIOUS,"24,925,541","12,446",473,TRUE,GLORIOUS,Featured Artist,24925541,12446
Gen 5,"23,863,137","76,724",474,FALSE,Gen 5,Lead Artist,23863137,76724
* Grindin,"22,398,300","5,718",475,TRUE,Grindin,Featured Artist,22398300,5718
* Cabaret (feat. Drake),"21,936,420","4,416",476,TRUE,Cabaret (feat. Drake),Featured Artist,21936420,4416
"* Deuces Remix (feat. Drake, T.I., Kanye West, Fabolous, Rick Ross & André 3000)","21,840,837","23,120",477,TRUE,"Deuces Remix (feat. Drake, T.I., Kanye West, Fabolous, Rick Ross & André 3000)",Featured Artist,21840837,23120
My Side,"21,372,842","7,148",478,FALSE,My Side,Lead Artist,21372842,7148
Congratulations,"20,719,742","5,910",479,FALSE,Congratulations,Lead Artist,20719742,5910
* Successful (with Drake),"20,449,648","4,682",480,TRUE,Successful (with Drake),Featured Artist,20449648,4682
* Never Satisfied (feat. Drake),"20,241,013","10,362",481,TRUE,Never Satisfied (feat. Drake),Featured Artist,20241013,10362
* Still Got It,"18,571,997","10,528",482,TRUE,Still Got It,Featured Artist,18571997,10528
* 4 My Town (Play Ball),"17,452,705","12,380",483,TRUE,4 My Town (Play Ball),Featured Artist,17452705,12380
"* Deuces Remix (feat. Drake, Kanye West & André 3000)","17,436,102","3,305",484,TRUE,"Deuces Remix (feat. Drake, Kanye West & André 3000)",Featured Artist,17436102,3305
Q&A,"16,932,123","46,771",485,FALSE,Q&A,Lead Artist,16932123,46771
Hurrr Nor Thurr (feat. Sexyy Red),"16,760,233","38,313",486,FALSE,Hurrr Nor Thurr (feat. Sexyy Red),Lead Artist,16760233,38313
Unstoppable (feat. Santigold & Lil Wayne),"16,233,972","3,605",487,FALSE,Unstoppable (feat. Santigold & Lil Wayne),Lead Artist,16233972,3605
Heat Of The Moment,"16,100,860","7,681",488,FALSE,Heat Of The Moment,Lead Artist,16100860,7681
Stuck,"16,053,196","41,558",489,FALSE,Stuck,Lead Artist,16053196,41558
Princess,"16,000,572","92,864",490,FALSE,Princess,Lead Artist,16000572,92864
Amazing Shape (feat. Popcaan),"15,584,048","36,853",491,FALSE,Amazing Shape (feat. Popcaan),Lead Artist,15584048,36853
* Unusual (feat. Drake),"15,573,660","3,358",492,TRUE,Unusual (feat. Drake),Featured Artist,15573660,3358
BBW,"15,381,477","32,850",493,FALSE,BBW,Lead Artist,15381477,32850
* Work - Bad Royale Remix,"15,274,757","1,277",494,TRUE,Work - Bad Royale Remix,Featured Artist,15274757,1277
True Bestie (feat. Iconic Savvy),"14,825,501","40,338",495,FALSE,True Bestie (feat. Iconic Savvy),Lead Artist,14825501,40338
* Champion,"14,297,755","3,643",496,TRUE,Champion,Featured Artist,14297755,3643
Outside Tweaking (feat. Stunna Sandy),"13,993,677","39,748",497,FALSE,Outside Tweaking (feat. Stunna Sandy),Lead Artist,13993677,39748
Prioritizing,"13,974,734","36,676",498,FALSE,Prioritizing,Lead Artist,13974734,36676
Goose and The Juice,"13,665,803","35,135",499,FALSE,Goose and The Juice,Lead Artist,13665803,35135
* We In This 1.5 (feat. Drake and Future),"12,196,499","3,837",500,TRUE,We In This 1.5 (feat. Drake and Future),Featured Artist,12196499,3837
